MangroScan API Endpoint Implementation Tracker,,,,,,,,,,,,,,,
"Companion tracker to MangroScan_API_Database_Migration_Kanban.docx. The DOCX remains the implementation manual; use this workbook for ownership, dependency, priority, and delivery tracking.",,,,,,,,,,,,,,,
Status = implementation progress (Not Done / Working / Testing / Blocked / Done). HTTP response status codes are preserved in separate columns and in the HTTP & Status Codes sheet.,,,,,,,,,,,,,,,
,,,,,,,,,,,,,,,
ID,Module,Method,Endpoint,Purpose,Request,Success HTTP,Success Response,Relevant Error HTTP Codes,Depends On,Unblocks / Dependents,Priority / Importance,Assigned To,Status,Manual Planning State,Notes
SYS-01,Platform & Authentication,GET,/health,"Liveness/readiness for API, DB, storage and queue.",No body,200,"{status,db,storage,queue,time}","500, 503",DB config,SYS-02,P0,earljohn estandarte,Done,Ready,"Implemented under /api/v1; verifies DB, default storage disk, and queue readiness with request ID traceability."
SYS-02,Platform & Authentication,GET,/meta/capabilities,Client feature flags and API capability discovery.,No body,200,"{api_version,features,limits}","500, 503",SYS-01,,P1,earljohn estandarte,Done,Blocked,"Implemented under /api/v1 with explicit v1 feature flags, pagination limit, dependency readiness, and request ID traceability."
AUTH-01,Platform & Authentication,POST,/auth/login,Authenticate web/mobile user.,"{email,password,device_name?}",200,"{user,access_token,expires_at,roles,permissions}","401, 422, 429, 500",users + RBAC,"AUTH-02, AUTH-03, AUTH-04, AUTH-05",P0,earljohn estandarte,Done,Ready,"Implemented under /api/v1 with UUID Sanctum tokens, tenant-scoped RBAC, throttling, append-only audit evidence, and passing SQLite plus PostgreSQL 18/PostGIS suites."
AUTH-02,Platform & Authentication,GET,/auth/me,Return authenticated profile and effective access.,Bearer token,200,"{user,organization,roles,permissions}","401, 403, 404, 429, 500",AUTH-01,"AUTH-08, SYNC-01",P0,earljohn estandarte,Done,Ready,"Implemented under /api/v1 with Sanctum authentication, active-identity enforcement, tenant-scoped effective access, standard errors, throttling, and passing SQLite plus PostgreSQL 18/PostGIS suites."
AUTH-03,Platform & Authentication,POST,/auth/logout,Revoke current token/session.,Bearer token,204,No response body,"401, 403, 422, 429, 500",AUTH-01,,P0,earljohn estandarte,Done,Ready,"Implemented under /api/v1 with current-token-only revocation, inactive-identity logout, transactional append-only audit evidence, standard errors, and passing SQLite plus PostgreSQL 18/PostGIS suites."
AUTH-04,Platform & Authentication,POST,/auth/refresh,Rotate expiring mobile access credential when refresh-token design is used.,{refresh_token},200,"{access_token,expires_at,refresh_token?}","400, 401, 403, 404, 409, 422, 429, 500",AUTH-01,,P1,karlandrei panday,Not Done,Blocked,
AUTH-05,Platform & Authentication,PUT,/auth/password,Authenticated password change.,"{current_password,new_password,new_password_confirmation}",204,No response body,"401, 403, 422, 429, 500",AUTH-01,,P1,earljohn estandarte,Done,Ready,"Implemented strong confirmed password replacement with current-password verification, exact 204, transactional all-token revocation, secret-free immutable audit and existing least-privilege DCL. Full SQLite: 271/1528; PostgreSQL 18/PostGIS: 271/1535; live privilege and static gates pass."
AUTH-06,Platform & Authentication,POST,/auth/password/forgot,Issue password-reset workflow.,{email},202,{message},"400, 404, 409, 422, 429, 500",users + mail config,AUTH-07,P1,earljohn estandarte,Done,Ready,"Implemented normalized active-account reset issuance with exact 202, hashed token persistence, configurable web URL, duplicate 409, transactional secret-free audit/notification and runtime-only DCL. Full SQLite: 278/1567; PostgreSQL 18/PostGIS: 278/1574; live privilege and static gates pass."
AUTH-07,Platform & Authentication,POST,/auth/password/reset,Complete password reset.,"{token,email,password,password_confirmation}",204,No response body,"400, 404, 409, 422, 429, 500",AUTH-06,,P1,earljohn estandarte,Done,Ready,"Implemented one-time row-locked reset completion with exact 204, active-account 404, invalid/consumed 400, strong confirmed password, transactional token/session revocation and secret-free audit. Full SQLite: 285/1600; PostgreSQL 18/PostGIS: 285/1607; live privilege and static gates pass."
AUTH-08,Platform & Authentication,GET,/auth/permissions,Lightweight permission refresh for UI.,No body,200,"{roles:[...],permissions:[...]}","401, 403, 404, 429, 500",AUTH-02,"ORG-01, USR-01, RBAC-01, RBAC-02, SITE-01, DRONE-01, BAT-01, MSN-06",P1,earljohn estandarte,Done,Ready,"Implemented under /api/v1 with the shared tenant-scoped effective-access projection, active-identity enforcement, standard errors, throttling, and passing SQLite plus PostgreSQL 18/PostGIS suites. The seeded Drone Operator account now returns its exact 11-permission field/mobile access set."
ORG-01,"Organizations, Users & RBAC",GET,/organizations,List organizations for system admin.,"Query: page,per_page,search,status",200,"{data:[Organization],meta}","401, 403, 404, 429, 500",AUTH-08,"ORG-02, ORG-03",P1,earljohn estandarte,Done,Ready,"Implemented global organizations.manage directory with safe documented resources, stable pagination, metadata search, active/inactive filtering, soft-delete exclusion, foreign-role isolation and existing identity DCL. Full SQLite: 294/1647; PostgreSQL 18/PostGIS: 294/1654; route, Pint, Composer and live privilege gates pass."
ORG-02,"Organizations, Users & RBAC",POST,/organizations,Create tenant/owner organization.,"{organization_name,organization_type,contact_email?,contact_number?,address?}",201,{data:Organization},"400, 401, 403, 404, 409, 422, 429, 500",ORG-01,,P1,earljohn estandarte,Done,Ready,"Implemented normalized documented organization types and optional contacts, server-owned active status, advisory-locked case-insensitive duplicate protection including archived names, transactional immutable audit and existing least-privilege DCL. Full SQLite: 304/1714; PostgreSQL 18/PostGIS: 304/1721; route, Pint, Composer and live privilege gates pass."
ORG-03,"Organizations, Users & RBAC",GET,/organizations/{id},Organization detail.,Path: id,200,{data:Organization},"401, 403, 404, 429, 500",ORG-01,ORG-04,P1,earljohn estandarte,Done,Ready,"Implemented exact safe organization detail with intentional system-admin cross-tenant scope, uniform malformed/missing/archived 404s, tenant-aware organizations.manage authorization, audit-free reads and existing DCL. Full SQLite: 311/1752; PostgreSQL 18/PostGIS: 311/1759; route, Pint, Composer and live privilege gates pass."
ORG-04,"Organizations, Users & RBAC",PATCH,/organizations/{id},Update/archive organization metadata.,Partial Organization fields,200,{data:Organization},"400, 401, 403, 404, 409, 422, 429, 500",ORG-03,,P1,earljohn estandarte,Done,Ready,"Implemented normalized partial metadata and active/inactive logical archive, null clearing, locked/advisory-safe duplicate protection including archived names, self-deactivation conflict, transactional before/after audit and existing DCL. Full SQLite: 322/1835; PostgreSQL 18/PostGIS: 322/1842; route, Pint, Composer and live privilege gates pass."
USR-01,"Organizations, Users & RBAC",GET,/users,List users inside authorized org scope.,"Query: org_id?,role?,active?,search,page",200,"{data:[User],meta}","401, 403, 404, 429, 500",AUTH-08,"USR-02, USR-03, TEAM-01",P0,earljohn estandarte,Done,Ready,"Implemented under /api/v1 with users.manage authorization, stable pagination, scoped filters, explicit organizations.manage elevation, safe resources, and passing SQLite plus PostgreSQL 18/PostGIS suites."
USR-02,"Organizations, Users & RBAC",POST,/users,Create managed user account.,"{organization_id,first_name,last_name,email,position_title?,roles:[role_id]}",201,{data:User},"400, 401, 403, 404, 409, 422, 429, 500",USR-01 + RBAC-01,,P0,earljohn estandarte,Done,Ready,"Implemented under /api/v1 with reversible position-title migration, scoped role assignment, generated hashed credentials, dual transactional audits, and passing SQLite plus PostgreSQL 18/PostGIS suites."
USR-03,"Organizations, Users & RBAC",GET,/users/{id},User detail + roles.,Path: id,200,"{data:{user,roles}}","401, 403, 404, 429, 500",USR-01,"USR-04, USR-05, RBAC-03",P1,earljohn estandarte,Done,Ready,"Implemented under /api/v1 with users.manage authorization, anti-enumeration tenant scope, safe user/role resources, foreign-role exclusion, and passing SQLite plus PostgreSQL 18/PostGIS suites."
USR-04,"Organizations, Users & RBAC",PATCH,/users/{id},Update profile/role-relevant account fields.,Partial user fields,200,{data:User},"400, 401, 403, 404, 409, 422, 429, 500",USR-03,,P1,earljohn estandarte,Done,Ready,"Implemented normalized physical profile-only updates, nullable field clearing, scoped/elevated targets, row/advisory-locked case-insensitive email reservation including deleted accounts, transactional before/after audit and existing DCL. Full SQLite: 333/1903; PostgreSQL 18/PostGIS: 333/1910; route, Pint, Composer and live privilege gates pass."
USR-05,"Organizations, Users & RBAC",POST,/users/{id}/activation,Activate/deactivate account without hard delete.,"{is_active:boolean,reason?}",200,{data:User},"400, 401, 403, 404, 409, 422, 429, 500",USR-03,,P1,earljohn estandarte,Done,Ready,"Implemented scoped activation/deactivation with normalized optional audit reason, no-op and self-deactivation conflicts, row locking, transactional target-session revocation on deactivation, immutable audit and existing DCL. Full SQLite: 344/1964; PostgreSQL 18/PostGIS: 344/1971; route, Pint, Composer and live privilege gates pass."
RBAC-01,"Organizations, Users & RBAC",GET,/roles,List roles.,No body,200,{data:[Role]},"401, 403, 404, 429, 500",AUTH-08,"USR-02, RBAC-03, RBAC-04",P0,earljohn estandarte,Done,Ready,"Implemented under /api/v1 with roles.manage authorization, reusable permission middleware, global-plus-current-tenant scope, safe resources, and passing SQLite plus PostgreSQL 18/PostGIS suites."
RBAC-02,"Organizations, Users & RBAC",GET,/permissions,List permission catalog.,No body,200,{data:[Permission]},"401, 403, 404, 429, 500",AUTH-08,RBAC-04,P0,earljohn estandarte,Done,Ready,"Implemented under /api/v1 with permissions.manage authorization, a safe sorted permission resource catalog, foreign-role privilege rejection, and passing SQLite plus PostgreSQL 18/PostGIS suites."
RBAC-03,"Organizations, Users & RBAC",PUT,/users/{id}/roles,Replace a user role assignment set.,{role_ids:[uuid]},200,"{data:{user_id,roles}}","400, 401, 403, 404, 409, 422, 429, 500",USR-03 + RBAC-01,,P0,earljohn estandarte,Done,Ready,"Implemented under /api/v1 with roles.manage authorization, scoped full-set replacement, empty-set support, before/after transactional audit, and passing SQLite plus PostgreSQL 18/PostGIS suites."
RBAC-04,"Organizations, Users & RBAC",PUT,/roles/{id}/permissions,Replace role permission set.,{permission_ids:[uuid]},200,"{data:{role_id,permissions}}","400, 401, 403, 404, 409, 422, 429, 500",RBAC-01 + RBAC-02,,P1,earljohn estandarte,Done,Ready,"Implemented scoped full-set and empty-set permission replacement requiring roles.manage plus permissions.manage, organization elevation for custom global roles, foreign-role hiding, immutable system-role conflict, transactional before/after audit and existing DCL. Full SQLite: 356/2014; PostgreSQL 18/PostGIS: 356/2021; route, Pint, Composer and live privilege gates pass."
SITE-01,"Survey Sites, Boundaries, Plots & Permits",GET,/sites,List sites visible to user.,"Query: search,status,province,page",200,"{data:[Site],meta}","401, 403, 404, 429, 500",AUTH-08,"SITE-02, SITE-03, MSN-01",P0,earljohn estandarte,Done,Ready,"Implemented under /api/v1 with sites.read authorization, strict organization scope, stable filtering/pagination, GeoJSON projection from PostGIS Point(4326), least-privilege DCL, and passing SQLite plus PostgreSQL 18/PostGIS suites."
SITE-02,"Survey Sites, Boundaries, Plots & Permits",POST,/sites,Register monitoring site.,"{site_name,site_code,description?,province,city_municipality,barangay?,center_point:GeoJSON?,area_hectares?,environment_type,access_notes?}",201,{data:Site},"400, 401, 403, 404, 409, 422, 429, 500",SITE-01,,P0,earljohn estandarte,Done,Ready,"Implemented under /api/v1 with sites.manage authorization, caller-owned tenancy, normalized validation, parameterized Point(4326) persistence, transactional site.create audit evidence, least-privilege INSERT DCL, and passing SQLite plus PostgreSQL 18/PostGIS suites."
SITE-03,"Survey Sites, Boundaries, Plots & Permits",GET,/sites/{id},Site detail with summary counts.,Path: id,200,"{data:{site,counts}}","401, 403, 404, 429, 500",SITE-01,"SITE-04, SITE-05, BOUND-01, PLOT-01, PERMIT-01",P0,earljohn estandarte,Done,Ready,"Implemented under /api/v1 with sites.read authorization, anti-enumeration organization scope, GeoJSON detail projection, stable boundary/plot/permit/mission summary counts, standard errors, and passing SQLite plus PostgreSQL 18/PostGIS suites."
SITE-04,"Survey Sites, Boundaries, Plots & Permits",PATCH,/sites/{id},Update site metadata.,Partial Site fields,200,{data:Site},"400, 401, 403, 404, 409, 422, 429, 500",SITE-03,,P1,earljohn estandarte,Done,Ready,"Implemented tenant-scoped partial SITE-02 metadata and nullable Point(4326) updates, fixed ownership/creator/status, advisory-safe code reservation including deleted sites, transactional before/after audit and additive API-only UPDATE DCL. Full SQLite: 366/2069; PostgreSQL 18/PostGIS: 366/2076; route, Pint, Composer and live privilege gates pass."
SITE-05,"Survey Sites, Boundaries, Plots & Permits",DELETE,/sites/{id},Soft archive site after dependency checks.,Path: id,204,No response body,"400, 401, 403, 404, 409, 429, 500",SITE-03,,P2,,Not Done,Backlog,
BOUND-01,"Survey Sites, Boundaries, Plots & Permits",GET,/sites/{id}/boundaries,List site polygons.,Path: site id,200,{data:[Boundary]},"401, 403, 404, 429, 500",SITE-03,BOUND-02,P0,earljohn estandarte,Done,Ready,"Implemented under /api/v1 with sites.read authorization, tenant-scoped parent resolution, Polygon(4326) plus GiST persistence, GeoJSON-only resources, summary-count integration, read-only DCL, and passing SQLite plus PostgreSQL 18/PostGIS suites."
BOUND-02,"Survey Sites, Boundaries, Plots & Permits",POST,/sites/{id}/boundaries,Create survey/no-fly/restoration polygon.,"{boundary_name,boundary_type,boundary_geom:GeoJSON,source?}",201,{data:Boundary},"400, 401, 403, 404, 409, 422, 429, 500",BOUND-01,BOUND-03,P0,earljohn estandarte,Done,Ready,"Implemented under /api/v1 with boundaries.manage authorization, tenant-scoped parent resolution, strict GeoJSON topology validation, parameterized PostGIS insertion, transactional boundary.create audit evidence, least-privilege INSERT DCL, and passing SQLite plus PostgreSQL 18/PostGIS suites."
BOUND-03,"Survey Sites, Boundaries, Plots & Permits",PATCH,/boundaries/{id},Update boundary metadata/geometry.,Partial boundary fields,200,{data:Boundary},"400, 401, 403, 404, 409, 422, 429, 500",BOUND-02,,P1,earljohn estandarte,Done,Ready,"Implemented tenant-scoped partial metadata and strict Polygon(4326) replacement with fixed site/creator lineage, row locking, transactional before/after audit and additive API-only UPDATE DCL. Full SQLite: 374/2104; PostgreSQL 18/PostGIS: 374/2111; route, Pint, Composer and live privilege gates pass."
PLOT-01,"Survey Sites, Boundaries, Plots & Permits",GET,/sites/{id}/plots,List monitoring plots.,Path: site id,200,{data:[Plot]},"401, 403, 404, 429, 500",SITE-03,PLOT-02,P1,earljohn estandarte,Done,Ready,"Implemented tenant-scoped non-deleted plot listing with exact safe resources, stable ordering, authoritative PostGIS Polygon(4326) schema, live SITE-03 counts and SELECT-only DCL. Full SQLite: 256/1450; PostgreSQL 18/PostGIS: 256/1457; live privilege and static gates pass."
PLOT-02,"Survey Sites, Boundaries, Plots & Permits",POST,/sites/{id}/plots,Create validation plot.,"{plot_code,plot_name?,plot_geom:GeoJSON,area_square_meters?,description?}",201,{data:Plot},"400, 401, 403, 404, 409, 422, 429, 500",PLOT-01,PLOT-03,P1,earljohn estandarte,Done,Ready,"Implemented tenant-scoped transactional plot creation with exact normalized request/resource, PostGIS validity, site-local duplicate 409, immutable audit evidence and INSERT-only API DCL. Full SQLite: 264/1489; PostgreSQL 18/PostGIS: 264/1496; live privilege and static gates pass."
PLOT-03,"Survey Sites, Boundaries, Plots & Permits",PATCH,/plots/{id},Update/soft archive plot.,Partial Plot fields,200,{data:Plot},"400, 401, 403, 404, 409, 422, 429, 500",PLOT-02,,P2,karlandrei panday,Not Done,Backlog,
PERMIT-01,"Survey Sites, Boundaries, Plots & Permits",GET,/sites/{id}/access-permissions,List permit/access records.,Path: site id,200,{data:[AccessPermission]},"401, 403, 404, 429, 500",SITE-03,PERMIT-02,P2,karlandrei panday,Not Done,Backlog,
PERMIT-02,"Survey Sites, Boundaries, Plots & Permits",POST,/sites/{id}/access-permissions,Record field-access permit.,"{permit_title,issuing_agency,permit_number?,valid_from?,valid_until?,document_path?,status}",201,{data:AccessPermission},"400, 401, 403, 404, 409, 422, 429, 500",PERMIT-01,,P2,karlandrei panday,Not Done,Backlog,
DRONE-01,"Drone, Sensor & Hardware Registry",GET,/drones,List drone units.,"Query: status,search,page",200,"{data:[Drone],meta}","401, 403, 404, 429, 500",AUTH-08,"DRONE-02, DRONE-03, FLT-02",P1,earljohn estandarte,Done,Ready,"Implemented tenant-scoped drone list with drones.read authorization, filters, pagination, soft-delete isolation, PostgreSQL state constraint and least-privilege DCL."
DRONE-02,"Drone, Sensor & Hardware Registry",POST,/drones,Register drone.,"{drone_name,model?,serial_number?,firmware_version?,max_flight_minutes?,payload_capacity_grams?,status}",201,{data:Drone},"400, 401, 403, 404, 409, 422, 429, 500",DRONE-01,,P1,earljohn estandarte,Done,Ready,"Implemented tenant-owned registration with drones.manage authorization, normalized hardware data, advisory-safe global serial reservation including deleted units, transactional immutable audit and API-only INSERT DCL."
DRONE-03,"Drone, Sensor & Hardware Registry",GET,/drones/{id},Drone detail + attached sensors.,Path: id,200,"{data:{drone,sensors}}","401, 403, 404, 429, 500",DRONE-01,"DRONE-04, SENSOR-01",P1,earljohn estandarte,Done,Ready,"Implemented tenant-scoped drone detail with drones.read authorization, deterministic safe sensor output, anti-enumeration for foreign/deleted/malformed IDs, authoritative sensor schema constraints, audit-free reads and SELECT-only API/reporting DCL."
DRONE-04,"Drone, Sensor & Hardware Registry",PATCH,/drones/{id},Update drone status/metadata.,Partial Drone fields,200,{data:Drone},"400, 401, 403, 404, 409, 422, 429, 500",DRONE-03,,P2,jessamae sumanoy,Not Done,Backlog,
SENSOR-01,"Drone, Sensor & Hardware Registry",POST,/drones/{id}/sensors,Attach/register sensor.,"{sensor_name,sensor_type,manufacturer?,model?,serial_number?,resolution?,range_meters?,calibration_required,status}",201,{data:Sensor},"400, 401, 403, 404, 409, 422, 429, 500",DRONE-03,"SENSOR-02, CAL-01",P1,earljohn estandarte,Done,Ready,"Implemented tenant-scoped sensor attachment with sensors.manage authorization, normalized documented domains, nullable non-unique serials matching the authoritative schema, rollback-safe immutable audit and API-only INSERT DCL."
SENSOR-02,"Drone, Sensor & Hardware Registry",PATCH,/sensors/{id},Update sensor.,Partial Sensor fields,200,{data:Sensor},"400, 401, 403, 404, 409, 422, 429, 500",SENSOR-01,,P2,jessamae sumanoy,Not Done,Backlog,
CAL-01,"Drone, Sensor & Hardware Registry",POST,/sensors/{id}/calibrations,Record sensor calibration.,"{calibration_date,calibration_method,calibration_file_path?,calibration_notes?,is_valid}",201,{data:Calibration},"400, 401, 403, 404, 409, 422, 429, 500",SENSOR-01,,P2,jessamae sumanoy,Not Done,Backlog,
BAT-01,"Drone, Sensor & Hardware Registry",GET,/batteries,List battery packs.,"Query: status,type,page",200,"{data:[Battery],meta}","401, 403, 404, 429, 500",AUTH-08,"BAT-02, BAT-03",P2,jessamae sumanoy,Working,Ready,"Jessamae Sumanoy implementation is present in feat(BAT-01), but review on 2026-08-24 found no endpoint feature test or endpoint DCL, authoritative battery_packs schema mismatches, and Pint failures in every BAT-01 PHP file. Route registration alone is verified; do not advance to Testing or Done until these gaps are corrected."
BAT-02,"Drone, Sensor & Hardware Registry",POST,/batteries,Register battery.,"{battery_code,battery_type,capacity_mah?,voltage?,status}",201,{data:Battery},"400, 401, 403, 404, 409, 422, 429, 500",BAT-01,,P2,jessamae sumanoy,Not Done,Backlog,
MSN-01,Mission Planning & Lifecycle,GET,/missions,List missions visible to caller.,"Query: site_id,status,from,to,search,page",200,"{data:[Mission],meta}","401, 403, 404, 429, 500",SITE-01,"MSN-02, MSN-03",P0,earljohn estandarte,Done,Ready,"Implemented under /api/v1 with missions.read authorization, strict organization scope through non-deleted sites, composable site/status/date/search filters, stable pagination, lifecycle check constraint, read-only DCL, and passing SQLite plus PostgreSQL 18/PostGIS suites."
MSN-02,Mission Planning & Lifecycle,POST,/missions,Create survey mission.,"{site_id,mission_code,mission_title,mission_objective,planned_start_at?,planned_end_at?,coverage_target_hectares?}",201,{data:Mission},"400, 401, 403, 404, 409, 422, 429, 500",MSN-01,,P0,earljohn estandarte,Done,Ready,"Implemented under /api/v1 with missions.create authorization, tenant-scoped site resolution, normalized planning validation, planned lifecycle default, transactional mission.create audit, INSERT-only DCL, and passing SQLite plus PostgreSQL 18/PostGIS suites."
MSN-03,Mission Planning & Lifecycle,GET,/missions/{id},Mission detail with team/flights/summary.,Path: id,200,"{data:{mission,team,flight_summary}}","401, 403, 404, 429, 500",MSN-01,"MSN-04, MSN-05, TEAM-01, MSN-06, FLT-01",P0,earljohn estandarte,Done,Ready,"Implemented under /api/v1 with missions.read authorization, anti-enumeration tenant scope, mission team schema/resources, stable status flight summary, read-only DCL, and passing SQLite plus PostgreSQL 18/PostGIS suites."
MSN-04,Mission Planning & Lifecycle,PATCH,/missions/{id},Update planning fields before finalization.,Partial Mission fields,200,{data:Mission},"400, 401, 403, 404, 409, 422, 429, 500",MSN-03,,P0,earljohn estandarte,Done,Ready,"Implemented under /api/v1 with missions.update authorization, planned-only workflow conflict enforcement, tenant-safe site changes, partial planning validation, transactional mission.update audit, UPDATE-only DCL expansion, and passing SQLite plus PostgreSQL 18/PostGIS suites."
MSN-05,Mission Planning & Lifecycle,DELETE,/missions/{id},Soft archive allowed mission.,Path: id,204,No response body,"400, 401, 403, 404, 409, 429, 500",MSN-03,,P2,jessamae sumanoy,Not Done,Backlog,
TEAM-01,Mission Planning & Lifecycle,PUT,/missions/{id}/team,Replace mission team assignments atomically.,"{members:[{user_id,team_role}]}",200,{data:[MissionTeamMember]},"400, 401, 403, 404, 409, 422, 429, 500",MSN-03 + USR-01,,P0,earljohn estandarte,Done,Ready,"Implemented under /api/v1 with mission_team.manage authorization, scoped member validation, pre-approval conflict gate, full/empty atomic replacement, transactional audit evidence, least-privilege INSERT/DELETE DCL, and passing SQLite plus PostgreSQL 18/PostGIS suites."
MSN-06,Mission Planning & Lifecycle,POST,/missions/{id}/approve,Approve mission and record approver.,"{decision:""approved""|""rejected"",notes?}",200,{data:Mission},"400, 401, 403, 404, 409, 422, 429, 500",MSN-03 + AUTH-08,"MSN-07, FLT-02, SYNC-03",P0,earljohn estandarte,Done,Ready,"Implemented under /api/v1 with missions.approve authorization, row-locked final decision gate, documented approval/rejection lifecycle mapping, transactional immutable decision audit, standard conflicts, and passing SQLite plus PostgreSQL 18/PostGIS suites."
MSN-07,Mission Planning & Lifecycle,POST,/missions/{id}/start,Transition mission to in_progress.,{started_at?},200,{data:Mission},"400, 401, 403, 404, 409, 422, 429, 500",MSN-06,,P1,earljohn estandarte,Done,Ready,"Implemented approved/planned-only tenant mission start using documented missions.update permission, optional server/default UTC instant, row locking, transactional mission.start audit and existing UPDATE DCL. Full SQLite: 407/2289; PostgreSQL 18/PostGIS: 407/2299; route, Pint, Composer and static gates pass."
MSN-08,Mission Planning & Lifecycle,POST,/missions/{id}/complete,Finalize mission operations.,"{ended_at?,completion_notes?}",200,{data:Mission},"400, 401, 403, 404, 409, 422, 429, 500",Flights completed,,P1,earljohn estandarte,Done,Ready,"Implemented missions.complete tenant authorization, started-state and at-least-one/all-completed flight gates, optional UTC completion time, audit-only notes per authoritative schema, row locking and rollback-safe mission.complete evidence. Full SQLite: 416/2355; PostgreSQL 18/PostGIS: 416/2365; route, Pint, Composer and live privilege gates pass."
FLT-01,Flight Operations & Field Readiness,GET,/missions/{id}/flights,List mission sorties.,"Query: status,quality_status,page",200,"{data:[Flight],meta}","401, 403, 404, 429, 500",MSN-03,FLT-03,P0,earljohn estandarte,Done,Ready,"Implemented tenant-scoped flight listing, exact pagination/filter contract, authoritative flight schema, PostGIS Point(4326) serialization, state constraints and least-privilege DCL. Full SQLite: 170/928; PostgreSQL 18/PostGIS: 170/930; static gates pass."
FLT-02,Flight Operations & Field Readiness,POST,/missions/{id}/flights,Create flight sortie.,"{drone_id,pilot_user_id,flight_code,planned_altitude_meters?,notes?}",201,{data:Flight},"400, 401, 403, 404, 409, 422, 429, 500",MSN-06 + DRONE-01,,P0,earljohn estandarte,Done,Ready,"Implemented flights.create authorization, approved/planned mission gate, locked tenant-owned available drone and active pilot resolution, normalized validation, transactional flight.create audit, and INSERT-only DCL. Full SQLite: 179/989; PostgreSQL 18/PostGIS: 179/991; static gates pass."
FLT-03,Flight Operations & Field Readiness,GET,/flights/{id},Flight detail/readiness summary.,Path: id,200,"{data:{flight,checklists,waypoint_count,media_count}}","401, 403, 404, 429, 500",FLT-01,"FLT-04, CHK-01, WPT-01, ENV-01, BAT-03, MEDIA-01, SDS-01",P0,earljohn estandarte,Done,Ready,"Implemented tenant-scoped detail with ordered safe checklist evidence, real waypoint/stable media counts, authoritative checklist and PostGIS waypoint schemas, domain constraints and read-only DCL. Full SQLite: 185/1028; PostgreSQL 18/PostGIS: 185/1031; static gates pass."
FLT-04,Flight Operations & Field Readiness,PATCH,/flights/{id},Update planned flight metadata.,Partial Flight fields,200,{data:Flight},"400, 401, 403, 404, 409, 422, 429, 500",FLT-03,,P1,earljohn estandarte,Done,Ready,"Implemented planned-only tenant flight metadata updates with documented flights.update permission, scoped available drone/active pilot replacement, advisory-safe global code reservation, null clearing and rollback-safe audit using existing UPDATE DCL. Full SQLite: 426/2418; PostgreSQL 18/PostGIS: 426/2428; route, Pint, Composer and live privilege gates pass."
CHK-01,Flight Operations & Field Readiness,POST,/flights/{id}/checklists,Submit pre/post-flight checklist.,"{checklist_type,battery_ok,weather_ok,gps_ok,camera_ok,lidar_depth_ok,storage_ok,overall_status,remarks?}",201,{data:Checklist},"400, 401, 403, 404, 409, 422, 429, 500",FLT-03,FLT-05,P0,earljohn estandarte,Done,Ready,"Implemented checklists.submit authorization, normalized strict evidence validation, planned/terminal lifecycle gates, append-only repeat evidence, locked transactional flight.checklist.submit audit, tenant isolation and INSERT-only DCL. Full SQLite: 194/1083; PostgreSQL 18/PostGIS: 194/1086; static gates pass."
FLT-05,Flight Operations & Field Readiness,POST,/flights/{id}/start,Start flight only after required preflight gate.,"{started_at,takeoff_location?:GeoJSON}",200,{data:Flight},"400, 401, 403, 404, 409, 422, 429, 500",CHK-01 passed,"FLT-06, FLT-07, MEDIA-02",P0,earljohn estandarte,Done,Ready,"Implemented latest-passed-preflight enforcement, row-locked planned-to-flying transition, UTC-instant-safe timestamps, optional PostGIS Point(4326) takeoff evidence, transactional flight.start audit, tenant isolation and UPDATE-only-expanded API DCL. Full SQLite: 203/1128; PostgreSQL 18/PostGIS: 203/1131; live privilege and static gates pass."
FLT-06,Flight Operations & Field Readiness,POST,/flights/{id}/complete,Complete flight and capture landing summary.,"{ended_at,landing_location?:GeoJSON,actual_avg_altitude_meters?,notes?}",200,{data:Flight},"400, 401, 403, 404, 409, 422, 429, 500",FLT-05,,P0,earljohn estandarte,Done,Ready,"Implemented row-locked flying-to-completed lifecycle and time ordering, server-derived duration, omitted/null-safe landing summary, UTC-instant-safe timestamps, optional PostGIS Point(4326), transactional flight.complete audit, tenant isolation and existing UPDATE DCL. Full SQLite: 213/1188; PostgreSQL 18/PostGIS: 213/1191; static gates pass."
FLT-07,Flight Operations & Field Readiness,POST,/flights/{id}/fail,Abort/fail flight with reason.,"{status:""aborted""|""failed"",reason,ended_at?}",200,{data:Flight},"400, 401, 403, 404, 409, 422, 429, 500",FLT-05,,P1,earljohn estandarte,Done,Ready,"Implemented active-flight-only aborted/failed terminal transitions using documented flights.complete authority, normalized required reason, optional/default UTC end time, duration and sync-version update, rollback-safe audit and existing UPDATE DCL. Full SQLite: 432/2464; PostgreSQL 18/PostGIS: 432/2474; route, Pint, Composer and static gates pass."
WPT-01,Flight Operations & Field Readiness,PUT,/flights/{id}/waypoints,Batch replace ordered route waypoints.,"{waypoints:[{sequence_no,location:GeoJSON,altitude_meters?,speed_mps?,action?}]}",200,{data:{count}},"400, 401, 403, 404, 409, 422, 429, 500",FLT-03,,P1,earljohn estandarte,Done,Ready,"Implemented planned-only atomic full/empty route replacement with flights.update authorization, distinct sparse sequence validation, strict PostGIS Point(4326) persistence, rollback-safe route audit and additive API INSERT/DELETE DCL. Full SQLite: 439/2516; PostgreSQL 18/PostGIS: 439/2526; route, Pint, Composer and live privilege gates pass."
ENV-01,Flight Operations & Field Readiness,POST,/flights/{id}/environment-logs,Append environment observation.,"{recorded_at,weather_condition,wind_speed_mps?,temperature_celsius?,humidity_percent?,visibility_status?,notes?}",201,{data:EnvironmentLog},"400, 401, 403, 404, 409, 422, 429, 500",FLT-03,,P2,jessamae sumanoy,Not Done,Backlog,
BAT-03,Flight Operations & Field Readiness,POST,/flights/{id}/battery-usage,Record battery use for sortie.,"{battery_id,start_percentage,end_percentage,usage_minutes?,notes?}",201,{data:BatteryUsage},"400, 401, 403, 404, 409, 422, 429, 500",FLT-03 + BAT-01,,P2,jessamae sumanoy,Not Done,Backlog,
SYNC-01,Mobile Offline Synchronization,POST,/mobile/devices/register,Register app installation for sync/audit.,"{device_id,platform,app_version,device_name?}",201,"{data:{device_id,server_time}}","400, 401, 403, 404, 409, 422, 429, 500",AUTH-02 + schema extension,SYNC-04,P0,earljohn estandarte,Done,Ready,"Implemented active-identity device registration with normalized client metadata, immutable user ownership, idempotent retry/update semantics, cursor-ready sync_devices schema, transactional sync.device.register audit and least-privilege DCL. Full SQLite: 222/1238; PostgreSQL 18/PostGIS: 222/1242; live privilege and static gates pass."
SYNC-02,Mobile Offline Synchronization,GET,/mobile/bootstrap,Download authorized mission/flight reference bundle.,Query: cursor?,200,"{data:{missions,flights,checklist_templates,settings,tombstones},meta:{cursor,server_time}}","401, 403, 404, 429, 500",MSN/FLT + AUTH,,P0,earljohn estandarte,Done,Ready,"Implemented encrypted/versioned cursor boundaries, tenant-scoped full/delta mission and flight snapshots, mission tombstones, UTC/session-safe snapshot consistency, exact forward-compatible bundle shape and local/foreign dual-RBAC. Drone Operator snapshots are restricted to assigned approved missions and piloted flights. Full SQLite: 228/1272; PostgreSQL 18/PostGIS: 228/1276; focused Drone Operator regressions pass."
SYNC-03,Mobile Offline Synchronization,GET,/mobile/missions/{id}/bundle,Download one mission for offline use.,Path: mission id,200,"{data:{mission,site,flights,team,boundaries,plots}}","401, 403, 404, 429, 500",MSN-06,,P0,earljohn estandarte,Done,Ready,"Implemented approved-mission offline bundle with anti-enumeration 404 behavior, tenant-scoped mission/site/flight/team/boundary graph, stable child ordering, PostGIS Point/Polygon serialization, explicit future plot collection and three-resource RBAC. Drone Operator bundles require assignment and include only the caller's piloted flights. Full SQLite: 234/1301; PostgreSQL 18/PostGIS: 234/1305; focused Drone Operator regressions pass."
SYNC-04,Mobile Offline Synchronization,POST,/mobile/sync,Push offline changes and receive server changes/conflicts.,"{device_id,base_cursor,changes:[{client_id,entity,operation,version,payload}]}",200,"{data:{applied,conflicts,server_changes},meta:{cursor}}","400, 401, 403, 404, 409, 422, 429, 500",SYNC-01 + all mutable mobile resources,SYNC-05,P0,jessamae sumanoy,Not Done,Blocked,"Foundational request/change/conflict ledgers, flight sync versions and least-privilege DCL are implemented and verified. The endpoint remains blocked by its explicit all-mutable-mobile-resources dependency until media and validation mutations land."
SYNC-05,Mobile Offline Synchronization,GET,/mobile/sync/status,Show pending server work relevant to device.,Query: device_id,200,"{data:{last_cursor,last_sync_at,pending_notifications}}","401, 403, 404, 429, 500",SYNC-04,,P1,jessamae sumanoy,Not Done,Blocked,
MEDIA-01,"Media, Sensor Uploads & Quality Control",GET,/flights/{id}/media,List captured image/video metadata.,"Query: type,quality_status,processing_status,page",200,"{data:[MediaAsset],meta}","401, 403, 404, 429, 500, 502/503",FLT-03,,P0,earljohn estandarte,Done,Ready,"Implemented tenant-scoped non-deleted media listing with exact pagination/filters, private-storage-safe resources, stable ordering, PostGIS Point serialization, authoritative QC/processing domains and SELECT-only DCL. Full SQLite: 243/1374; PostgreSQL 18/PostGIS: 243/1379; live privilege and static gates pass."
MEDIA-02,"Media, Sensor Uploads & Quality Control",POST,/flights/{id}/media/uploads,Initiate resumable/private upload.,"{file_name,file_type,mime_type,file_size_bytes,checksum_sha256?,capture_location?:GeoJSON,captured_at?,metadata?}",201,"{data:{upload_id,storage_key,upload_url?|parts?}}","400, 401, 403, 404, 409, 422, 429, 500, 502/503",FLT-05/06 + storage,MEDIA-03,P0,earljohn estandarte,Done,Ready,"Implemented tenant/workflow-scoped direct private upload initiation with exact upload URL response, durable PostGIS upload-session ledger, safe opaque keys, MIME/size/checksum/GeoJSON validation, timezone-safe expiry, transactional fingerprint idempotency, immutable audit, real signed local PUT verification, storage 503 handling, and SELECT/INSERT-only DCL. Full SQLite: 535/3188 (six PostgreSQL-only skips); PostgreSQL 18/PostGIS: 535/3204; focused, route, Pint, Composer and live privilege gates pass."
MEDIA-03,"Media, Sensor Uploads & Quality Control",POST,/media/uploads/{uploadId}/complete,Finalize upload after checksum/size validation.,"{parts? ,checksum_sha256?}",201,{data:MediaAsset},"400, 401, 403, 404, 409, 422, 429, 500, 502/503",MEDIA-02,"MEDIA-04, JOB-02, DATASET-03",P0,earljohn estandarte,Done,Ready,"Implemented initiator/tenant-scoped private-object finalization with exact size and streamed SHA-256 verification, PostGIS evidence copy, expiry recheck, transaction/advisory-lock idempotency, immutable audit, private-safe MediaAsset response, storage 503 handling, and selected-column DCL. Full SQLite: 546/3273 (six PostgreSQL-only skips); PostgreSQL 18/PostGIS: 546/3289; focused, route, Pint and live privilege gates pass."
MEDIA-04,"Media, Sensor Uploads & Quality Control",GET,/media/{id},Media metadata + authorized preview/download pointer.,Path: id,200,{data:MediaAsset},"401, 403, 404, 429, 500, 502/503",MEDIA-03,"MEDIA-05, MEDIA-06, MEDIA-07",P0,earljohn estandarte,Done,Ready,"Approved metadata-only boundary implemented with the established safe MediaAsset shape, tenant-scoped media-to-site lineage, PostGIS Point serialization, soft-delete and deleted-parent hiding, no storage access or read side effects, and existing SELECT-only DCL. Focused SQLite media suite: 23/203; PostgreSQL 18/PostGIS: 23/204. Full SQLite: 623/3923 (nine PostgreSQL-only skips); full PostgreSQL: 632/3953."
MEDIA-05,"Media, Sensor Uploads & Quality Control",POST,/media/{id}/download,Issue temporary private download URL or stream token.,No body,200,"{data:{url,expires_at}} or streamed file","400, 401, 403, 404, 409, 422, 429, 500, 502/503",MEDIA-04,,P1,jessamae sumanoy,Not Done,Blocked,
MEDIA-06,"Media, Sensor Uploads & Quality Control",PATCH,/media/{id}/quality,Set QC result.,"{quality_score?,quality_status,notes?}",200,{data:MediaAsset},"400, 401, 403, 404, 409, 422, 429, 500, 502/503",MEDIA-04,,P0,earljohn estandarte,Done,Ready,"Implemented tenant-scoped media.quality_review with normalized documented QC fields, omitted/null semantics, row locking, monotonic sync version, immutable transactional media.quality audit evidence, safe MediaAsset response and selected-column UPDATE DCL. Focused SQLite/PostgreSQL: 7/90 each; full SQLite: 630/4013 (nine PostgreSQL-only skips); PostgreSQL 18/PostGIS: 639/4043; route, Pint, Composer and live privilege gates pass."
MEDIA-07,"Media, Sensor Uploads & Quality Control",DELETE,/media/{id},Soft-delete unneeded media after dependency check.,Path: id,204,No response body,"400, 401, 403, 404, 409, 429, 500, 502/503",MEDIA-04,,P2,jessamae sumanoy,Not Done,Backlog,
SDS-01,"Media, Sensor Uploads & Quality Control",POST,/flights/{id}/sensor-datasets/uploads,Upload LiDAR/depth/GPS/IMU dataset.,"{file_name,dataset_type,file_format,sensor_id,file_size_bytes,spatial_reference?,metadata?}",201,"{data:{upload_id,...}}","400, 401, 403, 404, 409, 422, 429, 500, 502/503",FLT-03 + storage,SDS-02,P1,earljohn estandarte,Done,Ready,"Implemented private sensor-dataset upload initiation with exact upload_id/storage_key/upload_url response, tenant flight and drone-sensor binding, flying/completed gate, safe filename/type/size/reference/metadata validation, actor/key canonical idempotency, opaque storage paths, audit evidence, durable retryable sessions, and API SELECT/INSERT-only DCL. Focused SQLite/PostgreSQL: 4/31 each; full SQLite: 615/3766 (six PostgreSQL-only skips); full PostgreSQL: 615/3786; live privilege gates pass."
SDS-02,"Media, Sensor Uploads & Quality Control",POST,/sensor-datasets/uploads/{uploadId}/complete,Finalize sensor dataset.,{checksum_sha256?},201,{data:SensorDataset},"400, 401, 403, 404, 409, 422, 429, 500, 502/503",SDS-01,,P1,earljohn estandarte,Done,Ready,"Implemented initiator/tenant-scoped private-object finalization with real streamed size/SHA-256 verification, exact safe SensorDataset response, lifecycle double-checks, actor/key advisory-lock idempotency and sibling-key conflicts, atomic immutable audit, PostgreSQL completion-state constraints, storage 503 handling, and selected-column DCL excluding private storage-key reads. Focused SQLite/PostgreSQL: 5/46 each; full SQLite: 620/3812 (six PostgreSQL-only skips); PostgreSQL 18/PostGIS: 620/3832; route, scoped Pint, Composer, diff and live privilege gates pass."
AISVC-01,"AI Service, Model Registry & Processing Jobs",GET,/admin/ai-services,AI backend overview for administrator.,No body,200,"{data:{services,models,jobs}}","401, 403, 404, 429, 500, 502/503",schema extension + AUTH,,P1,earljohn estandarte,Done,Ready,"Implemented authenticated administrator overview with safe global service registry, global model aggregates, tenant-scoped job aggregates, authoritative encrypted-credential/health schema, no downstream calls, and column-level SELECT-only DCL excluding the secret. Full SQLite: 501/2892 (five PostgreSQL-only skips); PostgreSQL 18/PostGIS: 501/2906; route, Pint, Composer and live privilege gates pass."
AISVC-02,"AI Service, Model Registry & Processing Jobs",POST,/admin/ai-services,Register trusted FastAPI backend.,"{service_name,base_url,api_key,environment,enabled}",201,{data:AiService}; key never returned,"400, 401, 403, 404, 409, 422, 429, 500, 502/503",AISVC schema + secret encryption,"AISVC-03, AISVC-05",P1,earljohn estandarte,Done,Ready,"Implemented trusted service registration with exact request fields, normalized conflict-safe identity, authenticated application encryption at rest, secret-free AiService response/audit, no downstream call, transaction/advisory-lock safety, and column-level INSERT DCL that cannot read the key. Full SQLite: 508/2957 (five PostgreSQL-only skips); PostgreSQL 18/PostGIS: 508/2971; focused, route, Pint, Composer and live privilege gates pass."
AISVC-03,"AI Service, Model Registry & Processing Jobs",POST,/admin/ai-services/{id}/test,Health-test FastAPI service.,No body,200,"{data:{status,version,latency_ms}}","400, 401, 403, 404, 409, 422, 429, 500, 502/503",AISVC-02,AISVC-04,P1,earljohn estandarte,Done,Ready,"Implemented enabled-service health probe through a pluggable client with server-only X-API-Key, exact health/version/latency response, persisted success/failure evidence, sanitized audit, 502/503 normalization, configurable timeouts, and a narrow security-definer credential reader plus health-only UPDATE DCL. Full SQLite: 516/3021 (five PostgreSQL-only skips); PostgreSQL 18/PostGIS: 516/3035; focused, route, Pint, Composer and live privilege gates pass."
AISVC-04,"AI Service, Model Registry & Processing Jobs",POST,/admin/ai-services/{id}/synchronize,Pull authoritative /models metadata.,No body,200,"{data:{models_synced,capabilities}}","400, 401, 403, 404, 409, 422, 429, 500, 502/503",AISVC-03,JOB-02,P1,earljohn estandarte,Done,Ready,"Implemented ready-service /models synchronization with bounded canonical metadata validation, source-provenance model/version upserts, idempotent updates, preserved deployment state, private artifact references, capabilities/sync evidence, sanitized audit, normalized 502/503 failures, and metadata-only DCL. Full SQLite: 525/3106 (five PostgreSQL-only skips); PostgreSQL 18/PostGIS: 525/3120; focused, route, Pint, Composer and live privilege gates pass."
AISVC-05,"AI Service, Model Registry & Processing Jobs",POST,/admin/ai-services/{id}/credentials,Rotate encrypted FastAPI key.,{api_key},204,No response body,"400, 401, 403, 404, 409, 422, 429, 500, 502/503",AISVC-02,,P2,jason benabente,Testing,Ready,"Jason Benabente implementation and route are present. Review on 2026-08-24: focused Jason SQLite suites pass 18/130 and full SQLite passes 657/4278; PostgreSQL cannot start because the test role lacks CREATE on schema public. Endpoint coverage remains below the repository definition of done, so this row is not approved as Done."
MODEL-01,"AI Service, Model Registry & Processing Jobs",GET,/ai-models,List model registry and deployment versions.,"Query: type,deployed",200,{data:[AiModel]},"401, 403, 404, 429, 500, 502/503",AUTH + ai_models,"MODEL-02, JOB-02",P1,earljohn estandarte,Done,Ready,"Implemented global soft-delete-aware base model registry with ai_models.read authorization, exact type/deployed-version filters, private path/version non-exposure, authoritative registry/version schema and SELECT-only DCL. Full SQLite: 487/2803 (four PostgreSQL-only skips); PostgreSQL 18/PostGIS: 487/2816; route, Pint, Composer, migration and live privilege gates pass."
MODEL-02,"AI Service, Model Registry & Processing Jobs",GET,/ai-models/{id},Model detail and versions.,Path: id,200,"{data:{model,versions}}","401, 403, 404, 429, 500, 502/503",MODEL-01,MODEL-03,P1,earljohn estandarte,Done,Ready,"Implemented global soft-delete-aware model detail with ai_models.read authorization, exact model/version envelope, deterministic deployed/newest ordering, private model_file_path exclusion, standard 404 boundaries, and existing SELECT-only DCL. Full SQLite: 494/2844 (four PostgreSQL-only skips); PostgreSQL 18/PostGIS: 494/2857; focused suites, route, Pint, Composer and privilege gates pass."
MODEL-03,"AI Service, Model Registry & Processing Jobs",POST,/ai-models/{id}/versions/{versionId}/deploy,Mark model version deployed after validation.,{release_notes?},200,{data:AiModelVersion},"400, 401, 403, 404, 409, 422, 429, 500, 502/503",MODEL-02,,P2,jason benabente,Testing,Ready,"Jason Benabente implementation and route are present. Review on 2026-08-24: focused Jason SQLite suites pass 18/130 and full SQLite passes 657/4278; PostgreSQL cannot start because the test role lacks CREATE on schema public. Endpoint coverage remains below the repository definition of done, so this row is not approved as Done."
JOB-01,"AI Service, Model Registry & Processing Jobs",GET,/processing-jobs,List processing jobs.,"Query: mission_id,flight_id,status,type,page",200,"{data:[ProcessingJob],meta}","401, 403, 404, 429, 500, 502/503",AUTH + processing_jobs,,P0,earljohn estandarte,Done,Ready,"Implemented tenant-scoped durable processing-job listing with exact pagination/filters, documented lifecycle resource/schema, mission/flight anti-enumeration, authoritative PostgreSQL job domains and SELECT-only DCL. Full SQLite: 250/1417; PostgreSQL 18/PostGIS: 250/1423; live privilege and static gates pass."
JOB-02,"AI Service, Model Registry & Processing Jobs",POST,/processing-jobs,Queue detector/classifier/combined processing.,"{mission_id,flight_session_id?,job_type,media_ids:[uuid],parameters?}",202,"{data:{processing_job_id,job_status:""queued""}}","400, 401, 403, 404, 409, 422, 429, 500, 502/503",MEDIA-03 + AISVC-04 + MODEL-01,JOB-03,P0,earljohn estandarte,Done,Ready,"Implemented tenant-scoped durable detector/classifier/full-pipeline creation with exact 202 contract, completed-flight/media workflow checks, healthy deployed model resolution, per-media model-run provenance, recursively canonical idempotency, atomic media queueing and audit rollback, bounded parameters, 503 capability handling, and split API/worker selected-column DCL. Full SQLite: 556/3364 (six PostgreSQL-only skips); PostgreSQL 18/PostGIS: 556/3380; focused, route, Pint and live privilege gates pass."
JOB-03,"AI Service, Model Registry & Processing Jobs",GET,/processing-jobs/{id},"Job status, runs, outputs and errors.",Path: id,200,"{data:{job,model_runs,output_summary}}","401, 403, 404, 429, 500, 502/503",JOB-02,"JOB-04, JOB-05, TREE-01, LAYER-01",P0,earljohn estandarte,Done,Ready,"Implemented tenant-scoped processing detail with exact nested job/model_runs/output_summary response, stable run ordering, queued empty state, safe historical model/media provenance, error evidence, private artifact/credential exclusion, anti-enumerable deleted lineage, no side effects, and existing read-only DCL. Full SQLite: 562/3406 (six PostgreSQL-only skips); PostgreSQL 18/PostGIS: 562/3422; focused/module, route, Pint and diff gates pass."
JOB-04,"AI Service, Model Registry & Processing Jobs",POST,/processing-jobs/{id}/retry,Retry failed job idempotently.,{reason?},202,{data:ProcessingJob},"400, 401, 403, 404, 409, 422, 429, 500, 502/503",JOB-03 failed,,P1,earljohn estandarte,Done,Ready,"Implemented immutable-history retry as a new queued job with original run model/media/parameter provenance, failed-state and healthy-service gates, actor/key/source/reason idempotency, retry lineage/reason, atomic media queueing and secret-free audit rollback, tenant anti-enumeration, and additive selected-column API DCL. Focused SQLite/PostgreSQL: 7/43 each; full SQLite: 594/3638 (six PostgreSQL-only skips); full PostgreSQL: 594/3657; live privilege gates pass."
JOB-05,"AI Service, Model Registry & Processing Jobs",POST,/processing-jobs/{id}/cancel,Cancel queued/running job when supported.,{reason?},200,{data:ProcessingJob},"400, 401, 403, 404, 409, 422, 429, 500, 502/503",JOB-03,,P2,jason benabente,Testing,Ready,"Jason Benabente implementation and route are present. Review on 2026-08-24: focused Jason SQLite suites pass 18/130 and full SQLite passes 657/4278; PostgreSQL cannot start because the test role lacks CREATE on schema public. Endpoint coverage remains below the repository definition of done, so this row is not approved as Done."
TREE-01,"Tree Results, Summaries & Geospatial Layers",GET,/tree-observations,Filter canonical tree observations.,"Query: mission_id,flight_id,species_id,validation_status,min_confidence,page",200,"{data:[TreeObservation],meta}","401, 403, 404, 429, 500",JOB-03 completed,"TREE-02, TREE-03, COUNT-01, LAYER-02, VAL-03",P0,earljohn estandarte,Done,Ready,"Implemented tenant-scoped canonical observation listing with exact data/meta response, stable pagination, composed mission/flight/species/status/confidence filters, PostGIS-safe GeoJSON projection, anti-enumerable tenant lookups, no read side effects, documented species/tree foundations, spatial and domain constraints, and split read-only API/report plus selected-column worker DCL. Focused SQLite: 7/59; PostgreSQL 18/PostGIS: 7/60; full SQLite: 569/3465 (six PostgreSQL-only skips); full PostgreSQL: 569/3482; live privilege gates pass."
TREE-02,"Tree Results, Summaries & Geospatial Layers",GET,/tree-observations/{id},Tree detail with model provenance/results.,Path: id,200,"{data:{tree,species_predictions,height_estimations,age_estimations,source_media,model_run}}","401, 403, 404, 429, 500",TREE-01,"RESULT-01, RESULT-02, RESULT-03",P0,earljohn estandarte,Done,Ready,"Implemented exact tenant-scoped nested tree detail with deterministic final-first species/height/age histories, safe source-media and model-run provenance, nullable/empty states, independent provenance tenant checks, private storage/model/service secret exclusion, no read side effects, documented result foundations and split API/report/worker DCL. Focused SQLite: 6/49; PostgreSQL 18/PostGIS: 6/50; full SQLite: 575/3514 (six PostgreSQL-only skips); full PostgreSQL: 575/3532; live privilege gates pass."
TREE-03,"Tree Results, Summaries & Geospatial Layers",GET,/missions/{id}/trees.geojson,Map-ready tree features.,"Query: species_id?,validated_only?",200,GeoJSON FeatureCollection,"401, 403, 404, 429, 500",TREE-01 + PostGIS,,P0,earljohn estandarte,Done,Ready,"Implemented raw application/geo+json FeatureCollection with deterministic map-safe Point features, tenant-scoped mission lookup, global species and validated/corrected filters, soft-delete exclusion, empty collection semantics, no secret fields or read side effects, and reuse of TREE-01 read-only DCL. Focused SQLite/PostgreSQL: 6/38 each; full SQLite: 581/3552 (six PostgreSQL-only skips); full PostgreSQL: 581/3570."
COUNT-01,"Tree Results, Summaries & Geospatial Layers",GET,/missions/{id}/tree-counts,Mission/species count summary.,Query: species_id?,200,{data:[TreeCountSummary]},"401, 403, 404, 429, 500",TREE-01 + count routine,,P0,earljohn estandarte,Done,Ready,"Implemented live tenant-scoped overall and UUID-ordered species summaries with exact TreeCountSummary projection, species filtering, validated/corrected math, soft-delete and unclassified semantics, empty states, no stale persisted reads or read side effects, documented summary schema, PostgreSQL count routine, and split API/report/worker DCL. Focused SQLite: 6/43; PostgreSQL 18/PostGIS: 6/44; full SQLite: 587/3595 (six PostgreSQL-only skips); full PostgreSQL: 587/3614; live privilege gates pass."
RESULT-01,"Tree Results, Summaries & Geospatial Layers",GET,/tree-observations/{id}/species,Species prediction history.,Path: id,200,{data:[ClassificationResult]},"401, 403, 404, 429, 500",TREE-02,,P1,earljohn estandarte,Done,Ready,"Implemented exact tenant-scoped species prediction history with deterministic final/rank/time/UUID ordering, bounded safe provenance and JSON classification basis, empty history, anti-enumerable tree lookup, no secret fields or read side effects, and reuse of TREE-02 API SELECT-only DCL. Focused SQLite/PostgreSQL: 5/24 each; full SQLite: 599/3662 (six PostgreSQL-only skips); full PostgreSQL: 599/3681."
RESULT-02,"Tree Results, Summaries & Geospatial Layers",GET,/tree-observations/{id}/heights,Height estimates.,Path: id,200,{data:[HeightEstimation]},"401, 403, 404, 429, 500",TREE-02,,P1,earljohn estandarte,Done,Ready,"Implemented exact tenant-scoped canopy-height history with deterministic final/time/UUID ordering, safe run/dataset provenance and measurement evidence, empty history, anti-enumerable tree lookup, no read side effects, and reuse of TREE-02 API SELECT-only DCL. Focused SQLite/PostgreSQL: 4/22 each; full SQLite: 603/3684 (six PostgreSQL-only skips); full PostgreSQL: 603/3703."
RESULT-03,"Tree Results, Summaries & Geospatial Layers",GET,/tree-observations/{id}/ages,Age estimates + assumptions.,Path: id,200,{data:[AgeEstimation]},"401, 403, 404, 429, 500",TREE-02,,P1,earljohn estandarte,Done,Ready,"Implemented exact tenant-scoped age history with deterministic final/time/UUID ordering, growth-model and height-estimation provenance, range/confidence/assumption evidence, empty history, anti-enumerable tree lookup, no read side effects, and reuse of TREE-02 API SELECT-only DCL. Focused SQLite/PostgreSQL: 4/24 each; full SQLite: 607/3708 (six PostgreSQL-only skips); full PostgreSQL: 607/3727."
LAYER-01,"Tree Results, Summaries & Geospatial Layers",GET,/missions/{id}/layers,List geospatial/photogrammetry outputs.,Query: type?,200,{data:[Layer]},"401, 403, 404, 429, 500",JOB-03,,P1,earljohn estandarte,Done,Ready,"Implemented exact tenant-scoped safe layer metadata listing with deterministic type/name/UUID ordering, normalized type filter, private storage-key exclusion, no read side effects, documented PostGIS photogrammetry/layer foundations, constraints, and API/report/worker SELECT-only DCL. Focused SQLite: 4/27; PostgreSQL 18/PostGIS: 4/28; full SQLite: 611/3735 (six PostgreSQL-only skips); full PostgreSQL: 611/3755; live privilege gates pass."
LAYER-02,"Tree Results, Summaries & Geospatial Layers",POST,/missions/{id}/layers/build,Queue map layer build/refresh.,"{layer_types:[...],parameters?}",202,{data:{job_id}},"400, 401, 403, 404, 409, 422, 429, 500, 502/503",TREE-01 + photogrammetry inputs,,P1,jason benabente,Testing,Ready,"Jason Benabente implementation and route are present. Review on 2026-08-24: focused Jason SQLite suites pass 18/130 and full SQLite passes 657/4278; PostgreSQL cannot start because the test role lacks CREATE on schema public. Endpoint coverage remains below the repository definition of done, so this row is not approved as Done."
CONF-01,Confidence Review & Field Validation,GET,/confidence-review,Mission-scoped low-confidence queue.,"Query: mission_id*,flight_id?,result_type?,status?,severity?,page",200,"{data:[ReviewRecord],summary,groups,map,meta}","401, 403, 404, 429, 500",TREE/RESULT + confidence flag extension,CONF-02,P1,jason benabente,Testing,Ready,"Jason Benabente implementation and route are present. Review on 2026-08-24: focused Jason SQLite suites pass 18/130 and full SQLite passes 657/4278; PostgreSQL cannot start because the test role lacks CREATE on schema public. Endpoint coverage remains below the repository definition of done, so this row is not approved as Done."
CONF-02,Confidence Review & Field Validation,PUT,/confidence-review/{resultId},Create/update review flag/status/assignment.,"{status,review_note?,assigned_to?,reason?,resolution_notes?}",200,{data:ConfidenceFlag},"400, 401, 403, 404, 409, 422, 429, 500",CONF-01,,P1,jason benabente,Testing,Ready,"Jason Benabente implementation and route are present. Review on 2026-08-24: focused Jason SQLite suites pass 18/130 and full SQLite passes 657/4278; PostgreSQL cannot start because the test role lacks CREATE on schema public. Endpoint coverage remains below the repository definition of done, so this row is not approved as Done."
VAL-01,Confidence Review & Field Validation,GET,/validation/scopes,Mission/site/plot/species/assignee options.,No body,200,"{data:{missions,species,assignees,sessions}}","401, 403, 404, 429, 500",MSN/SITE/USR,"VAL-02, VAL-03",P0,earljohn estandarte,Done,Ready,"Implemented the exact four-key scope envelope. Tenant missions carry their site and ordered plot options; active species, active same-tenant assignees with effective validation.create, and lineage-consistent sessions use stable safe projections. Authentication, local/foreign validation.read, inactivity, throttling, no-audit behavior, route registration and existing least-privilege SELECT DCL are covered. Focused validation SQLite: 12 passed / 157 assertions with one expected PostgreSQL-only skip; focused PostgreSQL VAL-01/foundation: 10 passed / 129 assertions. Full SQLite: 666 passed / 4425 assertions with ten expected PostgreSQL-only skips; full PostgreSQL 18/PostGIS: 676 passed / 4458 assertions. Route, Pint, Composer, schema/trigger, and DCL gates pass."
VAL-02,Confidence Review & Field Validation,GET,/validation-sessions,List field validation sessions.,"Query: mission_id?,site_id?,status?,page",200,"{data:[ValidationSession],meta}","401, 403, 404, 429, 500",VAL-01,,P0,earljohn estandarte,Not Done,Blocked,
VAL-03,Confidence Review & Field Validation,POST,/validation-sessions,Create mission-scoped validation activity.,"{mission_id,site_id,plot_id?,validated_by,validation_date,method,notes?}",201,{data:ValidationSession},"400, 401, 403, 404, 409, 422, 429, 500",VAL-01 + TREE-01,VAL-04,P0,earljohn estandarte,Not Done,Blocked,
VAL-04,Confidence Review & Field Validation,GET,/validation-sessions/{id},Validation workspace data and map layers.,Path: id,200,"{data:{context,observations,ground_truth_records,matches,metrics,layers}}","401, 403, 404, 429, 500",VAL-03,"GT-01, MATCH-01",P0,earljohn estandarte,Not Done,Blocked,
GT-01,Confidence Review & Field Validation,POST,/validation-sessions/{id}/ground-truth,Create manual field tree record.,"{field_code?,species_id?,location:GeoJSON,height_m?,age_years?,diameter_cm?,crown_diameter_m?,health_status,is_tree,photo_path?,notes?}",201,{data:GroundTruthRecord},"400, 401, 403, 404, 409, 422, 429, 500",VAL-04,MATCH-01,P0,earljohn estandarte,Not Done,Blocked,
MATCH-01,Confidence Review & Field Validation,POST,/validation-sessions/{id}/decisions,Store matched/corrected/false-positive/false-negative decision.,"{tree_observation_id?,ground_truth_id?,decision,accepted_species_id?,accepted_height_m?,accepted_age_years?,corrected_geometry?,notes?,validation_evidence?}",201,{data:ValidationMatch},"400, 401, 403, 404, 409, 422, 429, 500",VAL-04 + GT-01,"ACC-01, VAL-05",P0,earljohn estandarte,Not Done,Blocked,
ACC-01,Confidence Review & Field Validation,POST,/validation-sessions/{id}/accuracy/recompute,Recompute precision/recall/F1/RMSE/MAE evidence.,No body,200,{data:[AccuracyMetric]},"400, 401, 403, 404, 409, 422, 429, 500",MATCH-01,,P0,jason benabente,Blocked,Blocked,"Jason Benabente implementation and SQLite path are present, but the approved MATCH-01 dependency is not implemented and may not be rewritten as a database-foundation dependency. Review on 2026-08-24 also could not execute PostgreSQL because the test role lacks CREATE on schema public. Keep blocked until MATCH-01 and the full verification gate pass."
VAL-05,Confidence Review & Field Validation,POST,/validation-sessions/{id}/complete,Complete validation task.,{notes},200,{data:ValidationSession},"400, 401, 403, 404, 409, 422, 429, 500",MATCH-01; protocol gate,,P1,jason benabente,Blocked,Blocked,"Jason Benabente implementation and SQLite path are present, but the approved MATCH-01 and protocol-gate dependencies are not complete and may not be rewritten as database-foundation dependencies. Review on 2026-08-24 also could not execute PostgreSQL because the test role lacks CREATE on schema public. Keep blocked until dependencies and the full verification gate pass."
RPT-01,"Reports, Exports, Dashboard & Saved Views",GET,/reports,List report records.,"Query: mission_id,site_id,status,type,page",200,"{data:[Report],meta}","401, 403, 404, 429, 500, 502/503",AUTH,,P1,earljohn estandarte,Done,Ready,"Implemented tenant-scoped report registry with reports.read authorization, all documented filters, defensive site+mission lineage checks, authoritative domains/indexes and API/report SELECT-only DCL. Full SQLite: 479/2750 (three PostgreSQL-only skips); PostgreSQL 18/PostGIS: 479/2762; route, Pint, Composer, migration and live privilege gates pass."
RPT-02,"Reports, Exports, Dashboard & Saved Views",POST,/reports,Prepare report definition/draft.,"{mission_id,site_id,report_title,report_type,audience?,summary?,interpretation?,limitations?,recommendations?,formats?}",201,{data:Report},"400, 401, 403, 404, 409, 422, 429, 500, 502/503",TREE/ACC finalized,RPT-03,P1,earljohn estandarte,Not Done,Blocked,
RPT-03,"Reports, Exports, Dashboard & Saved Views",GET,/reports/{id},Report draft/source metadata.,Path: id,200,"{data:{report,source_summary}}","401, 403, 404, 429, 500, 502/503",RPT-02,"RPT-04, RPT-05, EXP-01",P1,earljohn estandarte,Not Done,Blocked,
RPT-04,"Reports, Exports, Dashboard & Saved Views",PATCH,/reports/{id},Update report content/status while editable.,Partial report fields,200,{data:Report},"400, 401, 403, 404, 409, 422, 429, 500, 502/503",RPT-03,,P1,earljohn estandarte,Not Done,Blocked,
RPT-05,"Reports, Exports, Dashboard & Saved Views",POST,/reports/{id}/generate,Generate professional PDF/report artifact asynchronously.,"{format:""PDF"",options?}",202,"{data:{job_id,report_id,status}}","400, 401, 403, 404, 409, 422, 429, 500, 502/503",RPT-03 + report routine/storage,RPT-06,P0,earljohn estandarte,Not Done,Blocked,
RPT-06,"Reports, Exports, Dashboard & Saved Views",POST,/reports/{id}/approve,Approve generated report.,"{decision:""approved""|""rejected"",notes?}",200,{data:Report},"400, 401, 403, 404, 409, 422, 429, 500, 502/503",RPT-05 complete,,P1,earljohn estandarte,Not Done,Blocked,
EXP-01,"Reports, Exports, Dashboard & Saved Views",POST,/reports/{id}/exports,Generate CSV/XLSX/GeoJSON/KML/etc.,"{format,filters?,options?}",202,"{data:{job_id,export_type}}","400, 401, 403, 404, 409, 422, 429, 500, 502/503",RPT-03 + canonical results,EXP-02,P0,earljohn estandarte,Not Done,Blocked,
EXP-02,"Reports, Exports, Dashboard & Saved Views",GET,/exported-files,Export audit registry.,"Query: report_id?,mission_id?,type?,page",200,"{data:[ExportedFile],meta}","401, 403, 404, 429, 500, 502/503",EXP-01,EXP-03,P1,earljohn estandarte,Not Done,Blocked,
EXP-03,"Reports, Exports, Dashboard & Saved Views",POST,/exported-files/{id}/download,Authorized temporary download.,No body,200,"{data:{url,expires_at}} or stream","400, 401, 403, 404, 409, 422, 429, 500, 502/503",EXP-02 + storage,,P0,earljohn estandarte,Not Done,Blocked,
DASH-01,"Reports, Exports, Dashboard & Saved Views",GET,/dashboard/overview,Role-scoped KPI overview.,"Query: site_id?,mission_id?,date range?",200,"{data:{missions,trees,species,validation,processing}}","401, 403, 404, 429, 500, 502/503",TREE + ACC + materialized views,DASH-02,P1,earljohn estandarte,Not Done,Blocked,
DASH-02,"Reports, Exports, Dashboard & Saved Views",GET,/dashboard/missions/{id},Mission analytics/detail dashboard.,Path: id,200,"{data:{counts,species,height,age,accuracy,layers}}","401, 403, 404, 429, 500, 502/503",DASH-01,,P1,earljohn estandarte,Not Done,Blocked,
VIEW-01,"Reports, Exports, Dashboard & Saved Views",GET,/dashboard/saved-views,List caller saved filters/map configs.,No body,200,{data:[SavedView]},"401, 403, 404, 429, 500, 502/503",AUTH,VIEW-02,P2,karlandrei panday,Not Done,Backlog,
VIEW-02,"Reports, Exports, Dashboard & Saved Views",POST,/dashboard/saved-views,Save filter/map state.,"{view_name,site_id?,mission_id?,filter_config,map_config}",201,{data:SavedView},"400, 401, 403, 404, 409, 422, 429, 500, 502/503",VIEW-01,"VIEW-03, VIEW-04",P2,karlandrei panday,Not Done,Backlog,
VIEW-03,"Reports, Exports, Dashboard & Saved Views",PATCH,/dashboard/saved-views/{id},Update saved view.,Partial saved-view fields,200,{data:SavedView},"400, 401, 403, 404, 409, 422, 429, 500, 502/503",VIEW-02,,P2,karlandrei panday,Not Done,Backlog,
VIEW-04,"Reports, Exports, Dashboard & Saved Views",DELETE,/dashboard/saved-views/{id},Delete own saved view.,Path: id,204,No response body,"400, 401, 403, 404, 409, 429, 500, 502/503",VIEW-02,,P2,karlandrei panday,Not Done,Backlog,
NOTIF-01,"Notifications, Settings & Audit",GET,/notifications,List durable notifications for current user.,"Query: unread_only?,type?,page",200,"{data:[Notification],meta}","401, 403, 404, 429, 500",AUTH + notification_logs,"NOTIF-02, NOTIF-03, NOTIF-04",P1,earljohn estandarte,Done,Ready,"Implemented durable current-user-only notification listing with notifications.read authorization, exact unread/type filters, stable pagination, authoritative schema/indexes and API SELECT-only DCL. Full SQLite: 457/2625 (two PostgreSQL-only skips); PostgreSQL 18/PostGIS: 457/2636; route, Pint, Composer, migration and live privilege gates pass."
NOTIF-02,"Notifications, Settings & Audit",GET,/notifications/unread-count,Lightweight badge count.,No body,200,{data:{unread_count}},"401, 403, 404, 429, 500",NOTIF-01,,P1,earljohn estandarte,Done,Ready,"Implemented exact integer unread count pinned to the current user with notifications.read authorization, no side effects and existing indexed SELECT-only DCL. Full SQLite: 463/2649 (two PostgreSQL-only skips); PostgreSQL 18/PostGIS: 463/2660; focused suites and static gates pass."
NOTIF-03,"Notifications, Settings & Audit",POST,/notifications/{id}/read,Mark one notification read.,No body,200,{data:Notification},"400, 401, 403, 404, 409, 422, 429, 500",NOTIF-01,,P1,earljohn estandarte,Done,Ready,"Implemented caller-only locked unread-to-read transition with repeat conflict, exact shared resource, anti-enumeration, no audit side effect and additive API UPDATE-only DCL. Full SQLite: 470/2693 (two PostgreSQL-only skips); PostgreSQL 18/PostGIS: 470/2704; focused suites, route, Pint, Composer and live privilege gates pass."
NOTIF-04,"Notifications, Settings & Audit",POST,/notifications/read-all,Mark caller notifications read.,No body,204,No response body,"400, 401, 403, 404, 409, 422, 429, 500",NOTIF-01,,P2,karlandrei panday,Not Done,Backlog,
SET-01,"Notifications, Settings & Audit",GET,/settings,Read permitted settings by group.,Query: group?,200,{data:[Setting]},"401, 403, 404, 429, 500",AUTH,SET-02,P2,karlandrei panday,Not Done,Backlog,
SET-02,"Notifications, Settings & Audit",PUT,/settings/{key},Update managed setting.,"{setting_value,description?}",200,{data:Setting},"400, 401, 403, 404, 409, 422, 429, 500",SET-01 + admin permission,,P2,karlandrei panday,Not Done,Backlog,
AUD-01,"Notifications, Settings & Audit",GET,/audit-logs,Search immutable audit trail.,"Query: user_id?,action?,table_name?,record_id?,from?,to?,page",200,"{data:[AuditLog],meta}","401, 403, 404, 429, 500",AUTH + audit trigger,AUD-02,P1,earljohn estandarte,Done,Ready,"Implemented tenant-scoped immutable audit search with audit.read authorization, organizations.manage global elevation, every documented filter, historical actor visibility, stable pagination and existing append-only trigger/DCL. Full SQLite: 449/2571 (one PostgreSQL-only skip); PostgreSQL 18/PostGIS: 449/2581; route, Pint, Composer, trigger and live privilege gates pass."
AUD-02,"Notifications, Settings & Audit",GET,/audit-logs/{id},Audit event detail.,Path: id,200,{data:AuditLog},"401, 403, 404, 429, 500",AUD-01,,P2,jason benabente,Testing,Ready,"Jason Benabente implementation and route are present. Review on 2026-08-24: focused Jason SQLite suites pass 18/130 and full SQLite passes 657/4278; PostgreSQL cannot start because the test role lacks CREATE on schema public. Endpoint coverage remains below the repository definition of done, so this row is not approved as Done."
DATASET-01,Training Datasets & Annotation Extension,GET,/training-datasets,List training/validation datasets.,"Query: type,source,page",200,"{data:[TrainingDataset],meta}","401, 403, 404, 429, 500",AUTH,DATASET-02,P2,jason benabente,Testing,Ready,"Jason Benabente implementation and route are present. Review on 2026-08-24: focused Jason SQLite suites pass 18/130 and full SQLite passes 657/4278; PostgreSQL cannot start because the test role lacks CREATE on schema public. Endpoint coverage remains below the repository definition of done, so this row is not approved as Done."
DATASET-02,Training Datasets & Annotation Extension,POST,/training-datasets,Create dataset metadata.,"{dataset_name,dataset_type,source,description?,version_label?}",201,{data:TrainingDataset},"400, 401, 403, 404, 409, 422, 429, 500",DATASET-01,DATASET-03,P2,jason benabente,Testing,Ready,"Jason Benabente implementation and route are present. Review on 2026-08-24: focused Jason SQLite suites pass 18/130 and full SQLite passes 657/4278; PostgreSQL cannot start because the test role lacks CREATE on schema public. Endpoint coverage remains below the repository definition of done, so this row is not approved as Done."
DATASET-03,Training Datasets & Annotation Extension,POST,/training-datasets/{id}/items,Attach labeled media/sample.,"{media_id?,label_file_path,label_format,species_id?,annotation_status}",201,{data:DatasetItem},"400, 401, 403, 404, 409, 422, 429, 500",DATASET-02 + MEDIA-03,,P2,jason benabente,Testing,Ready,"Jason Benabente implementation and route are present. Review on 2026-08-24: focused Jason SQLite suites pass 18/130 and full SQLite passes 657/4278; PostgreSQL cannot start because the test role lacks CREATE on schema public. Endpoint coverage remains below the repository definition of done, so this row is not approved as Done."
ANN-01,Training Datasets & Annotation Extension,GET,/annotation/projects,Existing annotation-workspace project list; requires extension tables if retained.,"Query: status?,page",200,"{data:[AnnotationProject],meta}","401, 403, 404, 429, 500",annotation extension,ANN-02,P2,jason benabente,Testing,Ready,"Jason Benabente implementation and route are present. Review on 2026-08-24: focused Jason SQLite suites pass 18/130 and full SQLite passes 657/4278; PostgreSQL cannot start because the test role lacks CREATE on schema public. Endpoint coverage remains below the repository definition of done, so this row is not approved as Done."
ANN-02,Training Datasets & Annotation Extension,POST,/annotation/projects,Create annotation project.,"{name,dataset_type,mission_id?,status}",201,{data:AnnotationProject},"400, 401, 403, 404, 409, 422, 429, 500",ANN-01,ANN-03,P2,jason benabente,Testing,Ready,"Jason Benabente implementation and route are present. Review on 2026-08-24: focused Jason SQLite suites pass 18/130 and full SQLite passes 657/4278; PostgreSQL cannot start because the test role lacks CREATE on schema public. Endpoint coverage remains below the repository definition of done, so this row is not approved as Done."
ANN-03,Training Datasets & Annotation Extension,PUT,/annotation/items/{id}/objects,Replace item annotations transactionally.,"{objects:[{class_id,bbox?,polygon?,attributes?}]}",200,{data:{count}},"400, 401, 403, 404, 409, 422, 429, 500",ANN-02,ANN-04,P2,jason benabente,Testing,Ready,"Jason Benabente implementation and route are present. Review on 2026-08-24: focused Jason SQLite suites pass 18/130 and full SQLite passes 657/4278; PostgreSQL cannot start because the test role lacks CREATE on schema public. Endpoint coverage remains below the repository definition of done, so this row is not approved as Done."
ANN-04,Training Datasets & Annotation Extension,POST,/annotation/projects/{id}/exports,Export COCO/YOLO/CSV/GeoJSON labels.,{format},201,"{data:{export_id,file_name,storage_key}}","400, 401, 403, 404, 409, 422, 429, 500",ANN-03 + storage,,P2,jason benabente,Testing,Ready,"Jason Benabente implementation and route are present. Review on 2026-08-24: focused Jason SQLite suites pass 18/130 and full SQLite passes 657/4278; PostgreSQL cannot start because the test role lacks CREATE on schema public. Endpoint coverage remains below the repository definition of done, so this row is not approved as Done."
